{
  "candidate": "btc_a5_mf120_of135_fg00193463_don0159091_rpf390909",
  "selected_point": {
    "A": 5.0,
    "donation_apy": 0.01590909090909091,
    "reserved_profit_fraction": 0.3909090909,
    "mid_fee_bps": 120,
    "out_fee_bps": 135,
    "fee_gamma": 0.0019346315
  },
  "harness": {
    "apy": 0.06250539959362023,
    "apy_net": 0.04539236881793651,
    "apy_net_gm": 0.035952959120063445,
    "apy_xcp": 0.07864124440834819,
    "apy_xcp_net": 0.06161683872977908,
    "vp": 1.1540236379049624,
    "vp_boosted": 1.1540846279366659,
    "tvl_growth": 1.6004055402878214,
    "max_7d_rel_price_diff": 0.16538921628719963,
    "max_7d_skew": 0.6645162513613254,
    "total_notional_coin0": 41565785.02060074,
    "n_rebalances": 33195,
    "trades": 24475,
    "tw_avg_pool_fee": 0.012404933264291526,
    "avg_rel_price_diff": 0.019954377708652687,
    "yb_apy": -1.0,
    "yb_apy_gm": -1.0,
    "yb_fee": 0.012,
    "yb_final_growth": -1.0,
    "yb_releverage_trades": 0
  },
  "final_state": {
    "price_scale": "81294910090323160989696",
    "virtual_price": "1154023637904962304",
    "xcp_profit": "1391724580442386176",
    "lp_xcp_profit": "1153128699623914752",
    "donation_shares": "821003300454349312",
    "donation_unlocked": "128521207685646400"
  },
  "yb_releverage": {
    "fee": 0.012,
    "apy": 0.04451931283323924,
    "final_growth": 1.1083973205335709,
    "n_releverage_trades": 52696,
    "duration_days": 862.4146990740741,
    "rows": 2483756
  },
  "files": {
    "pool_config": "pool_config.json",
    "pool_details": "pool_details.json",
    "harness_output": "harness_output.json",
    "detailed_log": "detailed-output.npz",
    "yb_releverage": "yb_releverage.json",
    "yb_plot": "yb_releverage.png",
    "shift_click_plot": "shift_click_price_yb.png"
  }
}
