{
  "candidate": "btc_a5_mf137_of163_fg0784957_don0208586_rpf436869",
  "selected_point": {
    "A": 5.0,
    "donation_apy": 0.02085858585858586,
    "reserved_profit_fraction": 0.4368686869,
    "mid_fee_bps": 137,
    "out_fee_bps": 163,
    "fee_gamma": 0.07849574
  },
  "harness": {
    "apy": 0.07158362785545869,
    "apy_net": 0.049038374877668156,
    "apy_net_gm": 0.025810882657799083,
    "apy_xcp": 0.08090911024762981,
    "apy_xcp_net": 0.05859641593496323,
    "vp": 1.177456839540942,
    "vp_boosted": 1.1775183408478436,
    "tvl_growth": 1.6343437063479735,
    "max_7d_rel_price_diff": 0.16996117056520785,
    "max_7d_skew": 0.6666244885984187,
    "total_notional_coin0": 38762753.38506276,
    "n_rebalances": 32277,
    "trades": 21391,
    "tw_avg_pool_fee": 0.01380811760520338,
    "avg_rel_price_diff": 0.01649840513479058,
    "yb_apy": -1.0,
    "yb_apy_gm": -1.0,
    "yb_fee": 0.012,
    "yb_final_growth": -1.0,
    "yb_releverage_trades": 0
  },
  "final_state": {
    "price_scale": "81427553965789360947200",
    "virtual_price": "1177456839540941824",
    "xcp_profit": "1403623202997781504",
    "lp_xcp_profit": "1176330338696027136",
    "donation_shares": "982329324942486912",
    "donation_unlocked": "127027885211948528"
  },
  "yb_releverage": {
    "fee": 0.012,
    "apy": 0.052253090849146186,
    "final_growth": 1.1278859584575591,
    "n_releverage_trades": 57308,
    "duration_days": 862.4146990740741,
    "rows": 2483756
  },
  "files": {
    "pool_config": "pool_config.json",
    "pool_details": "pool_details.json",
    "harness_output": "harness_output.json",
    "detailed_log": "detailed-output.json",
    "yb_releverage": "yb_releverage.json",
    "yb_plot": "yb_releverage.png",
    "shift_click_plot": "shift_click_price_yb.png"
  }
}
